firstName,lastName,emailAddress,password
Christiano,Albiston,calbiston0@1und1.de,q90MoyH9
Janey,Deniske,jdeniske1@sogou.com,NK6PQZNq
Candie,Godsell,cgodsell2@tuttocitta.it,DOO8qV
Marilyn,Pumfrett,mpumfrett3@networkadvertising.org,EBHcxe
Arabelle,Falconbridge,afalconbridge4@discuz.net,otAxEqn3ej
Constantine,Mariet,cmariet5@etsy.com,tRrgnKjxkQD
Carolus,Dady,cdady6@geocities.jp,jitUS2HqyoV
Kristy,Hogsden,khogsden7@unesco.org,5kmGJVJ
Hallsy,Latimer,hlatimer8@webnode.com,DRMlsu
Franky,Furtado,ffurtado9@topsy.com,TZ8Nhyu
Dael,Gounot,dgounota@flickr.com,ePGfgOZDJ
Fifi,Twelvetrees,ftwelvetreesb@java.com,3Rv5WEr
Maisey,Lambricht,mlambrichtc@wunderground.com,4iIUay
Sisely,Hedditch,shedditchd@dion.ne.jp,bX14KEgShK
Torrence,Spilstead,tspilsteade@ustream.tv,GSNgo8pGYr
Pennie,Huyche,phuychef@tumblr.com,Ekh3bX9NPXv
Sunshine,Lawther,slawtherg@youtube.com,FdRBJTw
Rollin,Johananov,rjohananovh@reverbnation.com,PwdQm9
Kirsteni,Russam,krussami@unc.edu,OJFCYb
Giulia,Hamp,ghampj@infoseek.co.jp,rC2gVFpO3fcF
Walliw,Taggerty,wtaggertyk@cbsnews.com,CO8JKA1
Walker,Skelly,wskellyl@wikimedia.org,8AR5zXW
Henrietta,Roja,hrojam@engadget.com,PNjbkO
Sharla,MacGarrity,smacgarrityn@skype.com,jfHF7Rwxg
Robby,Korfmann,rkorfmanno@ow.ly,knHC0HX
Udale,Wandrack,uwandrackp@kickstarter.com,EzjpYmJxLl
Gavin,Piggrem,gpiggremq@statcounter.com,33pC6ATJNRIe
Abie,Haffenden,ahaffendenr@alexa.com,f4HBJ2P
Benedict,Ferrara,bferraras@dropbox.com,4TyHte
Antonio,Scandred,ascandredt@phpbb.com,eNcQGu0
Gert,Hursey,ghurseyu@paginegialle.it,XLYBGEFTzrG
Emyle,Simononsky,esimononskyv@t-online.de,TranvEJER
Crin,Kauscher,ckauscherw@de.vu,4frPz9JXve
Guillermo,Wackett,gwackettx@nasa.gov,vXH5u17
Nadine,Pattesall,npattesally@businessweek.com,PRkLcr37dIK
Tobey,Gladdish,tgladdishz@go.com,ZQhOwjUiAnE
Hyman,Pilkington,hpilkington10@topsy.com,bX0KvGD
Marion,Mattersey,mmattersey11@bloomberg.com,v5RLuQxk
Isidro,Tunsley,itunsley12@wordpress.com,wR0j0iTygm
Kippy,Tomkins,ktomkins13@hostgator.com,osF2HRv3j
Stern,Bausor,sbausor14@wp.com,YqcfefOZ
Lowe,Bowcock,lbowcock15@tripod.com,AmKFsR
Maxie,Matuschek,mmatuschek16@cnn.com,R4zq6Scj0DsX
Marj,Shiels,mshiels17@auda.org.au,U4sfL611EqL
Shaine,Berkeley,sberkeley18@sbwire.com,kPVrgs0qnP
Siffre,Tudge,studge19@blog.com,6fjIH46
Mickie,Skehens,mskehens1a@opensource.org,U16ulJXiTC
Celka,Colyer,ccolyer1b@senate.gov,BXHsuYopez
Freeland,Drewell,fdrewell1c@eepurl.com,EHnGYE8SNdnj
Lutero,Pedlow,lpedlow1d@google.cn,Xq5rqJbFpQ8P
Farrell,Edgin,fedgin1e@webs.com,lF2kLXJK
Kori,Elster,kelster1f@altervista.org,fORBs7Ra
Linnet,Heild,lheild1g@buzzfeed.com,fbqHgKPSxIUO
Cristi,O' Culligan,coculligan1h@huffingtonpost.com,EkKgH2KJ
Henrie,Knowlson,hknowlson1i@earthlink.net,l8CLx9AJfkM
Petronille,Lilleyman,plilleyman1j@edublogs.org,WfrFlYYZEDE
Tynan,Maciunas,tmaciunas1k@google.cn,x2iCESqk4
Jaymie,Fewlass,jfewlass1l@google.it,yeKtqwNUn
Gabriel,Dradey,gdradey1m@nba.com,hbmI1E
Gayler,Breffitt,gbreffitt1n@gnu.org,MgrLp7G0aCQS
Ania,Breedy,abreedy1o@github.com,IJwTnZDz5A8
Lambert,Hazeldene,lhazeldene1p@themeforest.net,tLUoHWtbjfJi
Amory,Grannell,agrannell1q@phoca.cz,5j0hpXM6
Karla,Le Noir,klenoir1r@pagesperso-orange.fr,B4yp67Z0iWT
Florencia,Kornyshev,fkornyshev1s@slashdot.org,8V6t6k2Aa
Sukey,Tichelaar,stichelaar1t@wisc.edu,IFkVmy2
Jeanna,Fieldstone,jfieldstone1u@nba.com,lTn6AipkLok
Sherry,Vear,svear1v@pagesperso-orange.fr,W5nGf5nP61mC
Bartholomeus,Sherwill,bsherwill1w@mashable.com,dvlg55q1B7hU
Gratia,Lechmere,glechmere1x@cornell.edu,4oXO7XG
Britta,Fausset,bfausset1y@ox.ac.uk,HFyF5W
Abbie,Risen,arisen1z@sitemeter.com,GhpvPfSYab
Baryram,Knapman,bknapman20@answers.com,01J7Fq
Clement,Crocetti,ccrocetti21@washingtonpost.com,oKwG1CXyZEor
Dolph,Antunes,dantunes22@digg.com,CsGsAa
Danica,Cantua,dcantua23@kickstarter.com,2IojBFuvNw
Dudley,Balassa,dbalassa24@ning.com,fk8S2s7Qb
Stearne,Treneer,streneer25@wikipedia.org,jIhn0zBBp
Annadiana,O'Roan,aoroan26@nhs.uk,EnyyORQI
Sergeant,Yter,syter27@cafepress.com,sa1AlX2S6J
Reeta,Vigrass,rvigrass28@theglobeandmail.com,gQPyU72
Traver,Gretham,tgretham29@goo.ne.jp,sg3VAi
Esther,Keble,ekeble2a@businessweek.com,ABqr4mXlJbQ
Marchall,Cossey,mcossey2b@wikispaces.com,rpOMfHMG
Flinn,Sinton,fsinton2c@gnu.org,L1tJtteN
Lionel,Brunetti,lbrunetti2d@about.me,mUWDEGh3
Myrna,Pyrke,mpyrke2e@artisteer.com,gVrpurUaUSUO
Reginauld,Hyrons,rhyrons2f@soundcloud.com,oAoPlUfYSe
Raven,Rosekilly,rrosekilly2g@xrea.com,69xz5Mh
Avictor,Labden,alabden2h@exblog.jp,by3wtt20vBY
Ilysa,Wealthall,iwealthall2i@amazon.de,l5i2Q7JmKa
Merill,Fradson,mfradson2j@psu.edu,d8kq5GJEgR
Ashleigh,Berkowitz,aberkowitz2k@noaa.gov,OaL8ev2j
Artemas,Lavis,alavis2l@4shared.com,xvqVLJAI
Kinnie,Rushmere,krushmere2m@bloglines.com,x69IeYjPJ9U
Kellen,McClory,kmcclory2n@cornell.edu,ie6pjM917s
Georgie,Gley,ggley2o@liveinternet.ru,meet21cg4
Bat,Pinner,bpinner2p@4shared.com,UnXX1H
Colette,Blinkhorn,cblinkhorn2q@chronoengine.com,mwjxIB
Thatch,Snartt,tsnartt2r@mayoclinic.com,r9mplXg
